<?xml version="1.0"?>
<doc>
    <assembly>
        <name>Sitecore.Framework.Runtime.Build</name>
    </assembly>
    <members>
        <member name="T:Sitecore.Framework.Runtime.Build.Tasks.GetSitecorePluginPackageReferences">
            <summary>
            Handles the fetching of plugin packages that contain Sitecore content
            </summary>
            <seealso cref="T:Microsoft.Build.Utilities.Task" />
        </member>
        <member name="P:Sitecore.Framework.Runtime.Build.Tasks.GetSitecorePluginPackageReferences.AssetsPath">
            <summary>
            The path to the project assets file
            </summary>
        </member>
        <member name="P:Sitecore.Framework.Runtime.Build.Tasks.GetSitecorePluginPackageReferences.Packages">
            <summary>
            The discovered packages
            </summary>
            <value>
            The packages.
            </value>
        </member>
        <member name="M:Sitecore.Framework.Runtime.Build.Tasks.GetSitecorePluginPackageReferences.Execute">
            <summary>
            Executes the task
            </summary>
            <returns>
            true, if successful
            </returns>
            <exception cref="T:System.ArgumentNullException">AssetsPath</exception>
        </member>
    </members>
</doc>
